Insert into VOL (IDVOL,VILLEDEPART,VILLEARRIVEE,HEUREDEPART,HEUREARRIVEE,DECALAGE,JOUR) values ('AF8810','PARIS-CDG','BANGKOK','14','6,5','-5','1');
Insert into VOL (IDVOL,VILLEDEPART,VILLEARRIVEE,HEUREDEPART,HEUREARRIVEE,DECALAGE,JOUR) values ('AF8811','BANGKOK','PARIS-CDG','23,5','7','5','1');
Insert into VOL (IDVOL,VILLEDEPART,VILLEARRIVEE,HEUREDEPART,HEUREARRIVEE,DECALAGE,JOUR) values ('BA1725','LORIENT','LONDRES','17,5','18,25','1','0');
Insert into VOL (IDVOL,VILLEDEPART,VILLEARRIVEE,HEUREDEPART,HEUREARRIVEE,DECALAGE,JOUR) values ('BA1726','LYON','LONDRES','21,5','22','1','0');
Insert into VOL (IDVOL,VILLEDEPART,VILLEARRIVEE,HEUREDEPART,HEUREARRIVEE,DECALAGE,JOUR) values ('BA1727','BERLIN','LONDRES','10,25','12,5','2','0');
Insert into VOL (IDVOL,VILLEDEPART,VILLEARRIVEE,HEUREDEPART,HEUREARRIVEE,DECALAGE,JOUR) values ('BA1730','LONDRES','PARIS-ORY','12,75','15','-1','0');
Insert into VOL (IDVOL,VILLEDEPART,VILLEARRIVEE,HEUREDEPART,HEUREARRIVEE,DECALAGE,JOUR) values ('LH2235','LONDRES','MUNICH','18','23,75','-2','0');
Insert into VOL (IDVOL,VILLEDEPART,VILLEARRIVEE,HEUREDEPART,HEUREARRIVEE,DECALAGE,JOUR) values ('AL4520','MARSEILLE','LORIENT','8','10','0','0');
Insert into VOL (IDVOL,VILLEDEPART,VILLEARRIVEE,HEUREDEPART,HEUREARRIVEE,DECALAGE,JOUR) values ('AL4521','PARIS-ORY','TOULOUSE','10,5','11,25','0','0');

Insert into PILOTE (IDPILOTE,NOMPILOTE,ADRPILOTE,SALAIREPILOTE,EMBAUCHEPILOTE) values ('0001','       HURRAN','    OAKFIELDS-GB','6000',to_date('17/03/17','DD/MM/RR'));
Insert into PILOTE (IDPILOTE,NOMPILOTE,ADRPILOTE,SALAIREPILOTE,EMBAUCHEPILOTE) values ('0002','     LEBRETON','       VANNES-FR','8000',to_date('23/02/94','DD/MM/RR'));
Insert into PILOTE (IDPILOTE,NOMPILOTE,ADRPILOTE,SALAIREPILOTE,EMBAUCHEPILOTE) values ('0003','      JEANNOT','        PARIS-FR','7000',to_date('04/04/98','DD/MM/RR'));
Insert into PILOTE (IDPILOTE,NOMPILOTE,ADRPILOTE,SALAIREPILOTE,EMBAUCHEPILOTE) values ('0005','   SOMMERFELD','       BERLIN-DE','6500',to_date('21/01/00','DD/MM/RR'));
Insert into PILOTE (IDPILOTE,NOMPILOTE,ADRPILOTE,SALAIREPILOTE,EMBAUCHEPILOTE) values ('0006','      GAUGHER','        PARIS-FR','5500',to_date('25/10/18','DD/MM/RR'));
Insert into PILOTE (IDPILOTE,NOMPILOTE,ADRPILOTE,SALAIREPILOTE,EMBAUCHEPILOTE) values ('0007','        ANDRE','         LYON-FR','8000',to_date('05/12/16','DD/MM/RR'));
Insert into PILOTE (IDPILOTE,NOMPILOTE,ADRPILOTE,SALAIREPILOTE,EMBAUCHEPILOTE) values ('0008','       MARTIN','       VANNES-FR','5000',to_date('27/02/10','DD/MM/RR'));

Insert into APPAREIL (TYPEAPPAREIL,CAPACITE,DESIGNATION) values ('74E','150','Boeing 747-400 combi');
Insert into APPAREIL (TYPEAPPAREIL,CAPACITE,DESIGNATION) values ('AB3','250','Airbus A300');
Insert into APPAREIL (TYPEAPPAREIL,CAPACITE,DESIGNATION) values ('741','120','Boeing 747-100');
Insert into APPAREIL (TYPEAPPAREIL,CAPACITE,DESIGNATION) values ('SSC','80','Concorde');
Insert into APPAREIL (TYPEAPPAREIL,CAPACITE,DESIGNATION) values ('734','400','Boeing 737-400');

-- probleme type appareil 737 introuvable = j'ai remplacé par 734
INSERT INTO avion VALUES('8801','734','1995');
INSERT INTO avion VALUES('8802','74E','1998');
INSERT INTO avion VALUES('8803','AB3','2003');
INSERT INTO avion VALUES('8804','741','2000');
INSERT INTO avion VALUES('8805','741','2001');
INSERT INTO avion VALUES('8807','AB3','2017');
INSERT INTO avion VALUES('8808','734','2012');
INSERT INTO avion VALUES('8809','734','2012');


Insert into AFFECTATION (IDVOL,DATEVOL,IDPILOTE,IDAVION,NBPASSAGERS) values ('AF8810',to_date('01/04/19','DD/MM/RR'),'0001','8808','150');
Insert into AFFECTATION (IDVOL,DATEVOL,IDPILOTE,IDAVION,NBPASSAGERS) values ('AF8810',to_date('02/04/19','DD/MM/RR'),'0002','8801','180');
Insert into AFFECTATION (IDVOL,DATEVOL,IDPILOTE,IDAVION,NBPASSAGERS) values ('AF8811',to_date('03/04/19','DD/MM/RR'),'0001','8808','120');
Insert into AFFECTATION (IDVOL,DATEVOL,IDPILOTE,IDAVION,NBPASSAGERS) values ('BA1727',to_date('01/04/19','DD/MM/RR'),'0005','8805','110');
Insert into AFFECTATION (IDVOL,DATEVOL,IDPILOTE,IDAVION,NBPASSAGERS) values ('BA1730',to_date('01/04/19','DD/MM/RR'),'0007','8804','120');
Insert into AFFECTATION (IDVOL,DATEVOL,IDPILOTE,IDAVION,NBPASSAGERS) values ('AL4521',to_date('05/04/19','DD/MM/RR'),'0002','8805','110');
Insert into AFFECTATION (IDVOL,DATEVOL,IDPILOTE,IDAVION,NBPASSAGERS) values ('AF8810',to_date('10/04/19','DD/MM/RR'),'0006','8808','150');
Insert into AFFECTATION (IDVOL,DATEVOL,IDPILOTE,IDAVION,NBPASSAGERS) values ('LH2235',to_date('12/04/19','DD/MM/RR'),'0005','8803','230');
